model,category,product_url,image_url,filename,status,error,image_source,perspective,source_mime
SRCse 801,lab-refrigerators,https://www.liebherr.com/de-at/p/srcse-801-2224792,https://assets-cdn.liebherr.com/versions/1bf8c193-345f-445f-93d7-82fd18116e37/web/SRCse%20801.jpg,lab-refrigerators/SRCse_801.jpg,downloaded,,next_data_product_image_web,straight_open_empty,JPG
SRFfg 3501,lab-refrigerators,https://www.liebherr.com/de-at/p/srffg-3501-2224792,https://assets-cdn.liebherr.com/versions/00ab95ab-eb3f-4d44-a85a-6df53adc2057/web/SRFfg%203501.jpg,lab-refrigerators/SRFfg_3501.jpg,downloaded,,next_data_product_image_web,straight_closed_empty,JPG
SRFfg 4001,lab-refrigerators,https://www.liebherr.com/de-at/p/srffg-4001-2224792,https://assets-cdn.liebherr.com/versions/01a0679e-725a-731d-bd80-51daa28d81eb/web/SRFfg%204001.jpg,lab-refrigerators/SRFfg_4001.jpg,downloaded,,next_data_product_image_web,straight_closed_empty,JPG
SRFfg 5501,lab-refrigerators,https://www.liebherr.com/de-at/p/srffg-5501-2224792,https://assets-cdn.liebherr.com/versions/5fa949ac-81fc-4da5-81c6-aaa22908bd94/web/SRFfg%205501.jpg,lab-refrigerators/SRFfg_5501.jpg,downloaded,,next_data_product_image_web,straight_open_empty,JPG
SRFvg 3501,lab-refrigerators,https://www.liebherr.com/de-at/p/srfvg-3501-2224792,https://assets-cdn.liebherr.com/versions/362f1b99-3fc0-49cc-b519-96c338707f96/web/SRFvg%203501.jpg,lab-refrigerators/SRFvg_3501.jpg,downloaded,,next_data_product_image_web,straight_closed_empty,JPG
SRFvg 3511,lab-refrigerators,https://www.liebherr.com/de-at/p/srfvg-3511-2224792,https://assets-cdn.liebherr.com/versions/01a0679e-cadf-79aa-a850-2e89fee97e92/web/SRFvg%203511.jpg,lab-refrigerators/SRFvg_3511.jpg,downloaded,,next_data_product_image_web,straight_closed_empty,JPG
SRFvg 4001,lab-refrigerators,https://www.liebherr.com/de-at/p/srfvg-4001-2224792,https://assets-cdn.liebherr.com/versions/adcb497b-c6f9-4240-bbee-c3e60418dd9a/web/SRFvg%204001.jpg,lab-refrigerators/SRFvg_4001.jpg,downloaded,,next_data_product_image_web,straight_closed_empty,JPG
SRFvg 4011,lab-refrigerators,https://www.liebherr.com/de-at/p/srfvg-4011-2224792,https://assets-cdn.liebherr.com/versions/01a0679f-1465-7d11-bf84-782a8d32e054/web/SRFvg%204011.jpg,lab-refrigerators/SRFvg_4011.jpg,downloaded,,next_data_product_image_web,straight_closed_empty,JPG
SRFvg 5501,lab-refrigerators,https://www.liebherr.com/de-at/p/srfvg-5501-2224792,https://assets-cdn.liebherr.com/versions/6e932e69-ff67-4a78-8d87-1d76c0df0883/web/SRFvg%205501.jpg,lab-refrigerators/SRFvg_5501.jpg,downloaded,,next_data_product_image_web,straight_open_empty,JPG
SRFvg 5511,lab-refrigerators,https://www.liebherr.com/de-at/p/srfvg-5511-2224792,https://assets-cdn.liebherr.com/versions/01a0679f-480a-7863-86f0-9c25ca3250bb/web/SRFvg%205511.jpg,lab-refrigerators/SRFvg_5511.jpg,downloaded,,next_data_product_image_web,straight_closed_empty,JPG
SRFvh 4001,lab-refrigerators,https://www.liebherr.com/de-at/p/srfvh-4001-2224792,https://assets-cdn.liebherr.com/versions/7c412202-949e-41db-9086-f88ab033686e/web/SRFvh%204001.jpg,lab-refrigerators/SRFvh_4001.jpg,downloaded,,next_data_product_image_web,straight_closed_empty,JPG
SRFvh 4011,lab-refrigerators,https://www.liebherr.com/de-at/p/srfvh-4011-2224792,https://assets-cdn.liebherr.com/versions/3def7e6f-ba3b-422b-99f8-d2c6113c9b2d/web/SRFvh%204011.jpg,lab-refrigerators/SRFvh_4011.jpg,downloaded,,next_data_product_image_web,straight_closed_empty,JPG
SRFvh 5501,lab-refrigerators,https://www.liebherr.com/de-at/p/srfvh-5501-2224792,https://assets-cdn.liebherr.com/versions/d8c8ba35-dc11-450d-938f-a0b0e84e9e4d/web/SRFvh%205501.jpg,lab-refrigerators/SRFvh_5501.jpg,downloaded,,next_data_product_image_web,straight_closed_empty,JPG
SRFvh 5511,lab-refrigerators,https://www.liebherr.com/de-at/p/srfvh-5511-2224792,https://assets-cdn.liebherr.com/versions/db21cab2-3c78-4e8c-a044-d5500c7754b5/web/SRFvh%205511.jpg,lab-refrigerators/SRFvh_5511.jpg,downloaded,,next_data_product_image_web,straight_closed_empty,JPG
SRPvg 1402,lab-refrigerators,https://www.liebherr.com/de-at/p/srpvg-1402-2224792,https://assets-cdn.liebherr.com/versions/8d3079f5-e28b-4da2-b168-d12d867e798a/web/SRPvg%201402.jpg,lab-refrigerators/SRPvg_1402.jpg,downloaded,,next_data_product_image_web,straight_closed_empty,JPG
SRPvg 1412,lab-refrigerators,https://www.liebherr.com/de-at/p/srpvg-1412-2224792,https://assets-cdn.liebherr.com/versions/e7203dad-d810-4e9f-8d1d-4a36bffff8fd/web/SRPvg%201412.jpg,lab-refrigerators/SRPvg_1412.jpg,downloaded,,next_data_product_image_web,straight_closed_empty,JPG
SRPvg 6501,lab-refrigerators,https://www.liebherr.com/de-at/p/srpvg-6501-2224792,https://assets-cdn.liebherr.com/versions/f60470cc-cb74-464f-bae0-9e06f43350c4/web/SRPvg%206501.jpg,lab-refrigerators/SRPvg_6501.jpg,downloaded,,next_data_product_image_web,straight_closed_empty,JPG
SRPvg 6511,lab-refrigerators,https://www.liebherr.com/de-at/p/srpvg-6511-2224792,https://assets-cdn.liebherr.com/versions/a682611d-9e95-4bac-b632-50592862ce4a/web/SRPvg%206511.jpg,lab-refrigerators/SRPvg_6511.jpg,downloaded,,next_data_product_image_web,straight_closed_empty,JPG
SRPvg 8401,lab-refrigerators,https://www.liebherr.com/de-at/p/srpvg-8401-2224792,https://assets-cdn.liebherr.com/versions/43afd694-aaf3-4b22-aa62-dc28211709ed/web/SRPvg%208401.jpg,lab-refrigerators/SRPvg_8401.jpg,downloaded,,next_data_product_image_web,straight_closed_empty,JPG
SRPvg 8411,lab-refrigerators,https://www.liebherr.com/de-at/p/srpvg-8411-2224792,https://assets-cdn.liebherr.com/versions/41ddf9ad-62a4-4629-8ee7-a2497066a8ab/web/SRPvg%208411.jpg,lab-refrigerators/SRPvg_8411.jpg,downloaded,,next_data_product_image_web,straight_closed_empty,JPG
SRPvh 1402,lab-refrigerators,https://www.liebherr.com/de-at/p/srpvh-1402-2224792,https://assets-cdn.liebherr.com/versions/bf8c0948-5ed8-42a1-aef0-6232f799341e/web/SRPvh%201402.jpg,lab-refrigerators/SRPvh_1402.jpg,downloaded,,next_data_product_image_web,straight_closed_empty,JPG
SRPvh 1412,lab-refrigerators,https://www.liebherr.com/de-at/p/srpvh-1412-2224792,https://assets-cdn.liebherr.com/versions/ab09ac45-fd3f-4322-b877-a988e96b7e21/web/SRPvh%201412.jpg,lab-refrigerators/SRPvh_1412.jpg,downloaded,,next_data_product_image_web,straight_closed_empty,JPG
SRPvh 6501,lab-refrigerators,https://www.liebherr.com/de-at/p/srpvh-6501-2224792,https://assets-cdn.liebherr.com/versions/a3b2b9ac-cd0c-4095-ba17-042d5b432b21/web/SRPvh%206501.jpg,lab-refrigerators/SRPvh_6501.jpg,downloaded,,next_data_product_image_web,straight_closed_empty,JPG
SRPvh 6511,lab-refrigerators,https://www.liebherr.com/de-at/p/srpvh-6511-2224792,https://assets-cdn.liebherr.com/versions/686584d8-84d2-4c14-b153-c11c9f382ce4/web/SRPvh%206511.jpg,lab-refrigerators/SRPvh_6511.jpg,downloaded,,next_data_product_image_web,straight_closed_empty,JPG
SRPvh 8401,lab-refrigerators,https://www.liebherr.com/de-at/p/srpvh-8401-2224792,https://assets-cdn.liebherr.com/versions/978628ac-4712-4720-bab0-b1d15e62056b/web/SRPvh%208401.jpg,lab-refrigerators/SRPvh_8401.jpg,downloaded,,next_data_product_image_web,straight_closed_empty,JPG
SRPvh 8411,lab-refrigerators,https://www.liebherr.com/de-at/p/srpvh-8411-2224792,https://assets-cdn.liebherr.com/versions/0bddc31d-af38-40b2-9f10-0c68f3503dc6/web/SRPvh%208411.jpg,lab-refrigerators/SRPvh_8411.jpg,downloaded,,next_data_product_image_web,straight_closed_empty,JPG
SRTfg 1501,lab-refrigerators,https://www.liebherr.com/de-at/p/srtfg-1501-2224792,https://assets-cdn.liebherr.com/versions/5e156df6-ee6f-429a-a40a-614646a57ab9/web/SRTfg%201501.jpg,lab-refrigerators/SRTfg_1501.jpg,downloaded,,next_data_product_image_web,straight_open_empty,JPG
SRTvg 1501,lab-refrigerators,https://www.liebherr.com/de-at/p/srtvg-1501-2224792,https://assets-cdn.liebherr.com/versions/8d84767d-074b-4954-a981-e6b051d913ce/web/SRTvg%201501.jpg,lab-refrigerators/SRTvg_1501.jpg,downloaded,,next_data_product_image_web,straight_open_empty,JPG
SRTvg 1511,lab-refrigerators,https://www.liebherr.com/de-at/p/srtvg-1511-2224792,https://assets-cdn.liebherr.com/versions/13191deb-4de1-44d5-8249-5a8f0408245c/web/SRTvg%201511.jpg,lab-refrigerators/SRTvg_1511.jpg,downloaded,,next_data_product_image_web,straight_closed_empty,JPG
SRTvh 1501,lab-refrigerators,https://www.liebherr.com/de-at/p/srtvh-1501-2224792,https://assets-cdn.liebherr.com/versions/e6e5b3f2-ab0d-4355-a13b-a7c6bd9a71c2/web/SRTvh%201501.jpg,lab-refrigerators/SRTvh_1501.jpg,downloaded,,next_data_product_image_web,straight_open_empty,JPG
SRTvh 1511,lab-refrigerators,https://www.liebherr.com/de-at/p/srtvh-1511-2224792,https://assets-cdn.liebherr.com/versions/9867125b-a222-406e-996c-724072a048d0/web/SRTvh%201511.jpg,lab-refrigerators/SRTvh_1511.jpg,downloaded,,next_data_product_image_web,straight_closed_empty,JPG
SRUfg 1001,lab-refrigerators,https://www.liebherr.com/de-at/p/srufg-1001-2224792,https://assets-cdn.liebherr.com/versions/a3989833-31e8-440d-8016-9d4b2f2ced9d/web/SRUfg%201001.jpg,lab-refrigerators/SRUfg_1001.jpg,downloaded,,next_data_product_image_web,straight_open_empty,JPG
SRUvg 1001,lab-refrigerators,https://www.liebherr.com/de-at/p/sruvg-1001-2224792,https://assets-cdn.liebherr.com/versions/c65f1e02-1108-49a5-affa-a08ff112d096/web/SRUvg%201001.jpg,lab-refrigerators/SRUvg_1001.jpg,downloaded,,next_data_product_image_web,straight_open_empty,JPG
SRUvg 1011,lab-refrigerators,https://www.liebherr.com/de-at/p/sruvg-1011-2224792,https://assets-cdn.liebherr.com/versions/b39631f5-ec17-482b-a818-15f9a5357920/web/SRUvg%201011.jpg,lab-refrigerators/SRUvg_1011.jpg,downloaded,,next_data_product_image_web,straight_closed_empty,JPG
SCFfg 4002,lab-fridge-freezers,https://www.liebherr.com/de-at/p/scffg-4002-9104332,https://assets-cdn.liebherr.com/versions/9e7c814d-95c4-45de-bf27-74957fb0caf2/web/SCFfg%204002.jpg,lab-fridge-freezers/SCFfg_4002.jpg,downloaded,,next_data_product_image_web,straight_closed_empty,JPG
SCFvh 4002,lab-fridge-freezers,https://www.liebherr.com/de-at/p/scfvh-4002-9104332,https://assets-cdn.liebherr.com/versions/cd12fe0e-d756-4179-9c2c-aa03522eecb0/web/SCFvh%204002.jpg,lab-fridge-freezers/SCFvh_4002.jpg,downloaded,,next_data_product_image_web,straight_closed_empty,JPG
SCFvh 4032,lab-fridge-freezers,https://www.liebherr.com/de-at/p/scfvh-4032-9104332,https://assets-cdn.liebherr.com/versions/7474afcd-c208-4f0d-a1b3-f7c400b2e478/web/SCFvh%204032.jpg,lab-fridge-freezers/SCFvh_4032.jpg,downloaded,,next_data_product_image_web,straight_closed_empty,JPG
SFCse 801,lab-freezers,https://www.liebherr.com/de-at/p/sfcse-801-2224795,https://assets-cdn.liebherr.com/versions/877f4735-db85-4199-b688-0df9e4349e3c/web/SFCse%20801.jpg,lab-freezers/SFCse_801.jpg,downloaded,,next_data_product_image_web,straight_open_empty,JPG
SFFfg 4001,lab-freezers,https://www.liebherr.com/de-at/p/sfffg-4001-2224795,https://assets-cdn.liebherr.com/versions/19e8cf59-ec18-49ae-aaa7-30171880bb70/web/SFFfg%204001.jpg,lab-freezers/SFFfg_4001.jpg,downloaded,,next_data_product_image_web,straight_closed_empty,JPG
SFFfg 5501,lab-freezers,https://www.liebherr.com/de-at/p/sfffg-5501-129953-2224795,https://assets-cdn.liebherr.com/versions/b0717324-fd2a-4208-97f5-eefb2e63a197/web/SFFfg%205501.jpg,lab-freezers/SFFfg_5501.jpg,downloaded,,next_data_product_image_web,straight_closed_empty,JPG
SFFsg 4001,lab-freezers,https://www.liebherr.com/de-at/p/sffsg-4001-94764-2224795,https://assets-cdn.liebherr.com/versions/316a3f1c-ebe6-4bbf-b0c4-9dbb2d2f07c5/web/SFFsg%204001.jpg,lab-freezers/SFFsg_4001.jpg,downloaded,,next_data_product_image_web,straight_closed_empty,JPG
SFFsg 5501,lab-freezers,https://www.liebherr.com/de-at/p/sffsg-5501-129942-2224795,https://assets-cdn.liebherr.com/versions/159264df-99d2-4e47-97d9-7511dab1569a/web/SFFsg%205501.jpg,lab-freezers/SFFsg_5501.jpg,downloaded,,next_data_product_image_web,straight_closed_empty,JPG
SFFvh 4001,lab-freezers,https://www.liebherr.com/de-at/p/sffvh-4001-2224795,https://assets-cdn.liebherr.com/versions/7d23ae99-150b-4383-a154-892527ede72b/web/SFFvh%204001.jpg,lab-freezers/SFFvh_4001.jpg,downloaded,,next_data_product_image_web,straight_closed_empty,JPG
SFFvh 5501,lab-freezers,https://www.liebherr.com/de-at/p/sffvh-5501-2224795,https://assets-cdn.liebherr.com/versions/9533d795-fc22-4c62-b448-84705703665c/web/SFFvh%205501.jpg,lab-freezers/SFFvh_5501.jpg,downloaded,,next_data_product_image_web,straight_closed_empty,JPG
SFPvg 1402,lab-freezers,https://www.liebherr.com/de-at/p/sfpvg-1402-2224795,https://assets-cdn.liebherr.com/versions/902a6a51-9eb2-4473-845e-4bb0ef4eef8b/web/SFPvg%201402.jpg,lab-freezers/SFPvg_1402.jpg,downloaded,,next_data_product_image_web,straight_closed_empty,JPG
SFPvg 6501,lab-freezers,https://www.liebherr.com/de-at/p/sfpvg-6501-2224795,https://assets-cdn.liebherr.com/versions/481fdd91-504a-4e17-9739-1b9ad41f412a/web/SFPvg%206501.jpg,lab-freezers/SFPvg_6501.jpg,downloaded,,next_data_product_image_web,straight_closed_empty,JPG
SFPvg 8401,lab-freezers,https://www.liebherr.com/de-at/p/sfpvg-8401-2224795,https://assets-cdn.liebherr.com/versions/05c296e1-d7f9-417d-8a88-5ed0f4dffa4c/web/SFPvg%208401.jpg,lab-freezers/SFPvg_8401.jpg,downloaded,,next_data_product_image_web,straight_closed_empty,JPG
SFPvh 1402,lab-freezers,https://www.liebherr.com/de-at/p/sfpvh-1402-2224795,https://assets-cdn.liebherr.com/versions/27c6b0d8-61fe-40a3-bf60-cea2cd80e286/web/SFPvh%201402.jpg,lab-freezers/SFPvh_1402.jpg,downloaded,,next_data_product_image_web,straight_closed_empty,JPG
SFPvh 6501,lab-freezers,https://www.liebherr.com/de-at/p/sfpvh-6501-2224795,https://assets-cdn.liebherr.com/versions/965529d3-1c03-4e2c-ae4c-2c3c06237b41/web/SFPvh%206501.jpg,lab-freezers/SFPvh_6501.jpg,downloaded,,next_data_product_image_web,straight_closed_empty,JPG
SFPvh 8401,lab-freezers,https://www.liebherr.com/de-at/p/sfpvh-8401-2224795,https://assets-cdn.liebherr.com/versions/61603182-ad65-435f-8c8b-8fa3ed519c10/web/SFPvh%208401.jpg,lab-freezers/SFPvh_8401.jpg,downloaded,,next_data_product_image_web,straight_closed_empty,JPG
SFTfg 1501,lab-freezers,https://www.liebherr.com/de-at/p/sftfg-1501-2224795,https://assets-cdn.liebherr.com/versions/9f9d5e39-fea3-4b9a-b3f8-beed3eab45ba/web/SFTfg%201501.jpg,lab-freezers/SFTfg_1501.jpg,downloaded,,next_data_product_image_web,straight_open_empty,JPG
SFTsg 1501,lab-freezers,https://www.liebherr.com/de-at/p/sftsg-1501-2224795,https://assets-cdn.liebherr.com/versions/431dd02a-47fe-441e-a802-f204186bfb9f/web/SFTsg%201501.jpg,lab-freezers/SFTsg_1501.jpg,downloaded,,next_data_product_image_web,straight_open_empty,JPG
SFTvh 1501,lab-freezers,https://www.liebherr.com/de-at/p/sftvh-1501-2224795,https://assets-cdn.liebherr.com/versions/cc93cbc5-f384-4ebd-86a2-a21f349420f6/web/SFTvh%201501.jpg,lab-freezers/SFTvh_1501.jpg,downloaded,,next_data_product_image_web,straight_open_empty,JPG
SFUfg 1001,lab-freezers,https://www.liebherr.com/de-at/p/sfufg-1001-2224795,https://assets-cdn.liebherr.com/versions/c4939d3f-8ab9-40f9-8b88-3ffd1c87d447/web/SFUfg%201001.jpg,lab-freezers/SFUfg_1001.jpg,downloaded,,next_data_product_image_web,straight_open_empty,JPG
SFUsg 1001,lab-freezers,https://www.liebherr.com/de-at/p/sfusg-1001-2224795,https://assets-cdn.liebherr.com/versions/d16af93a-df87-4c71-850c-797ca677e7e5/web/SFUsg%201001.jpg,lab-freezers/SFUsg_1001.jpg,downloaded,,next_data_product_image_web,straight_open_empty,JPG
HMFvh 4001,medical-refrigerators,https://www.liebherr.com/de-at/p/hmfvh-4001-2224798,https://assets-cdn.liebherr.com/versions/108ac221-39a1-4384-99d3-8e288990cca1/web/HMFvh%204001.jpg,medical-refrigerators/HMFvh_4001.jpg,downloaded,,next_data_product_image_web,straight_closed_empty,JPG
HMFvh 4011,medical-refrigerators,https://www.liebherr.com/de-at/p/hmfvh-4011-2224798,https://assets-cdn.liebherr.com/versions/46a654e0-1727-400b-8e92-28b1da33aa0b/web/HMFvh%204011.jpg,medical-refrigerators/HMFvh_4011.jpg,downloaded,,next_data_product_image_web,straight_closed_empty,JPG
HMFvh 5501,medical-refrigerators,https://www.liebherr.com/de-at/p/hmfvh-5501-2224798,https://assets-cdn.liebherr.com/versions/a8fd2b38-4e78-4a64-8eb5-fd9bcd84b4e8/web/HMFvh%205501.jpg,medical-refrigerators/HMFvh_5501.jpg,downloaded,,next_data_product_image_web,straight_closed_empty,JPG
HMFvh 5511,medical-refrigerators,https://www.liebherr.com/de-at/p/hmfvh-5511-2224798,https://assets-cdn.liebherr.com/versions/56a62399-4e29-4bd6-a27b-b32d8e6f3ac6/web/HMFvh%205511.jpg,medical-refrigerators/HMFvh_5511.jpg,downloaded,,next_data_product_image_web,straight_closed_empty,JPG
HMTvh 1501,medical-refrigerators,https://www.liebherr.com/de-at/p/hmtvh-1501-2224798,https://assets-cdn.liebherr.com/versions/6f01273a-82b2-44ef-84ee-84ea5a65e2a0/web/HMTvh%201501.jpg,medical-refrigerators/HMTvh_1501.jpg,downloaded,,next_data_product_image_web,straight_open_empty,JPG
HMTvh 1511,medical-refrigerators,https://www.liebherr.com/de-at/p/hmtvh-1511-2224798,https://assets-cdn.liebherr.com/versions/8afe97fe-cfa1-4435-be0e-4f34928d22fe/web/HMTvh%201511.jpg,medical-refrigerators/HMTvh_1511.jpg,downloaded,,next_data_product_image_web,straight_closed_empty,JPG
SUFsg 3501,ultra-low-freezers,https://www.liebherr.com/de-at/p/sufsg-3501-2224801,https://assets-cdn.liebherr.com/versions/af4835fd-6bc9-4e45-b598-ae0ef7f1a9f5/web/SUFsg%203501.jpg,ultra-low-freezers/SUFsg_3501.jpg,downloaded,,next_data_product_image_web,straight_closed_empty,JPG
SUFsg 5001,ultra-low-freezers,https://www.liebherr.com/de-at/p/sufsg-5001-2224801,https://assets-cdn.liebherr.com/versions/57b5d478-7665-4828-8379-7a18f46ef8e9/web/SUFsg%205001.jpg,ultra-low-freezers/SUFsg_5001.jpg,downloaded,,next_data_product_image_web,straight_closed_empty,JPG
SUFsg 7001,ultra-low-freezers,https://www.liebherr.com/de-at/p/sufsg-7001-2224801,https://assets-cdn.liebherr.com/versions/4d2428d1-8662-4190-b84b-8cb1f6f274d2/web/SUFsg%207001.jpg,ultra-low-freezers/SUFsg_7001.jpg,downloaded,,next_data_product_image_web,straight_closed_empty,JPG
